month,region,revenue,units_sold,margin_pct
2025-01,North America,425000,1240,18.2
2025-01,Europe,312000,890,21.5
2025-01,Asia Pacific,198000,720,15.8
2025-02,North America,445000,1305,18.9
2025-02,Europe,328000,932,21.8
2025-02,Asia Pacific,212000,765,16.1
2025-03,North America,468000,1380,19.4
2025-03,Europe,341000,968,22.2
2025-03,Asia Pacific,228000,815,16.5
2025-04,North America,489000,1448,19.8
2025-04,Europe,355000,1005,22.5
2025-04,Asia Pacific,245000,872,16.9
2025-05,North America,512000,1520,20.1
2025-05,Europe,372000,1052,22.9
2025-05,Asia Pacific,261000,925,17.2
2025-06,North America,534000,1595,20.4
2025-06,Europe,389000,1098,23.2
2025-06,Asia Pacific,278000,982,17.6
2025-07,North America,558000,1672,20.7
2025-07,Europe,402000,1138,23.5
2025-07,Asia Pacific,295000,1042,17.9
2025-08,North America,581000,1748,21.0
2025-08,Europe,418000,1182,23.8
2025-08,Asia Pacific,312000,1102,18.2
2025-09,North America,604000,1825,21.2
2025-09,Europe,432000,1222,24.1
2025-09,Asia Pacific,328000,1158,18.5
2025-10,North America,628000,1902,21.5
2025-10,Europe,448000,1265,24.3
2025-10,Asia Pacific,345000,1218,18.8
2025-11,North America,651000,1978,21.7
2025-11,Europe,462000,1305,24.6
2025-11,Asia Pacific,361000,1275,19.0
2025-12,North America,675000,2055,22.0
2025-12,Europe,478000,1348,24.8
2025-12,Asia Pacific,378000,1335,19.3
